Instructional Assistant Dummy,n,Reports Filed,Reports Not Filed,Pct Filed
0,2272,1862,410,81.95422535211267
1,6670,6365,305,95.4272863568216
NA,30,0,30,0
