Status,n,Reports Filed,Reports Not Filed,Pct Filed
Active,7150,6698,452,93.67832167832168
Inactive,652,609,43,93.40490797546013
No Reapp,109,82,27,75.22935779816514
Quit/Term,1031,838,193,81.28031037827353
NA,30,0,30,0
